{"cameraMode":{"drawMode":0,"name":"Shaded","section":"Shading Mode"},"sceneLighting":false,"audioPlay":false,"sceneViewState":{"showFog":true,"showMaterialUpdate":true,"showSkybox":true,"showFlares":true,"showImageEffects":true,"showParticleSystems":true},"in2DMode":false,"pivot":{"x":260.5066833496094,"y":0.5134115815162659,"z":256.217041015625},"rotation":{"x":0.04624878987669945,"y":0.9572538137435913,"z":-0.17532067000865937,"w":0.22536395490169526},"size":7.540525913238525,"orthographic":false}