{"cameraMode":{"drawMode":0,"name":"Shaded","section":"Shading Mode"},"sceneLighting":true,"audioPlay":false,"sceneViewState":{"showFog":true,"showMaterialUpdate":true,"showSkybox":true,"showFlares":true,"showImageEffects":true,"showParticleSystems":true},"in2DMode":false,"pivot":{"x":261.86932373046877,"y":27.971120834350587,"z":318.0771484375},"rotation":{"x":-0.0017555629601702095,"y":0.9854959845542908,"z":-0.1650681048631668,"w":-0.03933506831526756},"size":7.540525913238525,"orthographic":false}