{"cameraMode":{"drawMode":0,"name":"Shaded","section":"Shading Mode"},"sceneLighting":false,"audioPlay":false,"sceneViewState":{"showFog":true,"showMaterialUpdate":true,"showSkybox":true,"showFlares":true,"showImageEffects":true,"showParticleSystems":true},"in2DMode":false,"pivot":{"x":257.0683898925781,"y":0.009999999776482582,"z":259.9100036621094},"rotation":{"x":-0.039648015052080157,"y":0.014003491960465908,"z":0.005321891978383064,"w":0.9991014003753662},"size":22.0,"orthographic":false}