{"cameraMode":{"drawMode":0,"name":"Shaded","section":"Shading Mode"},"sceneLighting":false,"audioPlay":false,"sceneViewState":{"showFog":true,"showMaterialUpdate":true,"showSkybox":true,"showFlares":true,"showImageEffects":true,"showParticleSystems":true},"in2DMode":false,"pivot":{"x":257.52001953125,"y":6.820000171661377,"z":276.6300048828125},"rotation":{"x":0.23265838623046876,"y":0.017836645245552064,"z":0.0006284955306909978,"w":0.9723947644233704},"size":5.728694915771484,"orthographic":false}